{
  "numpy": {
    "mean_ms": 2.6845766650512815
  },
  "tensorscript": {
    "mean_ms": 1.3863941651652567
  },
  "pytorch_eager": {
    "mean_ms": 1.5170716651482508
  },
  "config": {
    "N": 1000000,
    "chain_length": 5,
    "ops": [
      "add",
      "relu",
      "mul",
      "sigmoid",
      "tanh"
    ]
  },
  "speedup_vs_numpy": 1.9363733146779962,
  "speedup_vs_pytorch": 1.0942571047011131
}